{"cameraMode":{"drawMode":0,"name":"Shaded","section":"Shading Mode"},"sceneLighting":false,"audioPlay":false,"sceneViewState":{"showFog":true,"showMaterialUpdate":true,"showSkybox":true,"showFlares":true,"showImageEffects":true,"showParticleSystems":true},"in2DMode":false,"pivot":{"x":-1.566357135772705,"y":1.9088842868804932,"z":0.13884830474853517},"rotation":{"x":-0.05180982127785683,"y":0.9148650765419006,"z":-0.1245511844754219,"w":-0.38055846095085146},"size":13.7188081741333,"orthographic":false}